{"file_hashes":[{"block_hashes":["lnQfkc6DqS6If/b0qj9fir6BeD6Z9wqc5XNUB4qjtDk="],"block_size":4096,"path":"LICENSE"},{"block_hashes":["AXqCRfoN7PBMp7rCvgDVohICqbF8fRYEzBmlTI3Iw98="],"block_size":4096,"path":"README.md"},{"block_hashes":["kHygA+w4FqlRlAsuECyfItyZP0zYyKrlinMA9srIzK4="],"block_size":4096,"path":"src/background.js"},{"block_hashes":["28sBMaXa+PQByH1dPinYFupmg1SHNiH1qosSvwcCqNY="],"block_size":4096,"path":"src/content.css"},{"block_hashes":["jeAtiJkGNOb3sXQ3L5aRJH4RdoXgL6JxJH3FQ36qys0=","3MyQslNDJx7rNN3MS3UPyRDM6HdGqZiWymjcSKvQ3I8="],"block_size":4096,"path":"src/content.js"}],"version":2}